BEGIN TRANSACTION;
CREATE TABLE IF NOT EXISTS `django_migrations` (`id` INT NOT NULL PRIMARY KEY AUTO_INCREMENT, `app` varchar(255) NOT NULL, `name` varchar(255) NOT NULL, `applied` datetime NOT NULL);
INSERT INTO django_migrations VALUES(1,'contenttypes','0001_initial','2025-03-10 06:30:24.684635');
INSERT INTO django_migrations VALUES(2,'auth','0001_initial','2025-03-10 06:30:24.688327');
INSERT INTO django_migrations VALUES(3,'admin','0001_initial','2025-03-10 06:30:24.690358');
INSERT INTO django_migrations VALUES(4,'admin','0002_logentry_remove_auto_add','2025-03-10 06:30:24.692925');
INSERT INTO django_migrations VALUES(5,'admin','0003_logentry_add_action_flag_choices','2025-03-10 06:30:24.694405');
INSERT INTO django_migrations VALUES(6,'contenttypes','0002_remove_content_type_name','2025-03-10 06:30:24.699071');
INSERT INTO django_migrations VALUES(7,'auth','0002_alter_permission_name_max_length','2025-03-10 06:30:24.702347');
INSERT INTO django_migrations VALUES(8,'auth','0003_alter_user_email_max_length','2025-03-10 06:30:24.704616');
INSERT INTO django_migrations VALUES(9,'auth','0004_alter_user_username_opts','2025-03-10 06:30:24.706109');
INSERT INTO django_migrations VALUES(10,'auth','0005_alter_user_last_login_null','2025-03-10 06:30:24.708323');
INSERT INTO django_migrations VALUES(11,'auth','0006_require_contenttypes_0002','2025-03-10 06:30:24.708656');
INSERT INTO django_migrations VALUES(12,'auth','0007_alter_validators_add_error_messages','2025-03-10 06:30:24.710263');
INSERT INTO django_migrations VALUES(13,'auth','0008_alter_user_username_max_length','2025-03-10 06:30:24.712475');
INSERT INTO django_migrations VALUES(14,'auth','0009_alter_user_last_name_max_length','2025-03-10 06:30:24.714550');
INSERT INTO django_migrations VALUES(15,'auth','0010_alter_group_name_max_length','2025-03-10 06:30:24.716690');
INSERT INTO django_migrations VALUES(16,'auth','0011_update_proxy_permissions','2025-03-10 06:30:24.719060');
INSERT INTO django_migrations VALUES(17,'auth','0012_alter_user_first_name_max_length','2025-03-10 06:30:24.721343');
INSERT INTO django_migrations VALUES(18,'sessions','0001_initial','2025-03-10 06:30:24.722336');
INSERT INTO django_migrations VALUES(19,'api','0001_initial','2025-04-04 09:45:46.286343');
CREATE TABLE IF NOT EXISTS `auth_group_permissions` (`id` INT NOT NULL PRIMARY KEY AUTO_INCREMENT, `group_id` INT NOT NULL REFERENCES `auth_group` (`id`) DEFERRABLE INITIALLY DEFERRED, `permission_id` INT NOT NULL REFERENCES `auth_permission` (`id`) DEFERRABLE INITIALLY DEFERRED);
CREATE TABLE IF NOT EXISTS `auth_user_groups` (`id` INT NOT NULL PRIMARY KEY AUTO_INCREMENT, `user_id` INT NOT NULL REFERENCES `auth_user` (`id`) DEFERRABLE INITIALLY DEFERRED, `group_id` INT NOT NULL REFERENCES `auth_group` (`id`) DEFERRABLE INITIALLY DEFERRED);
CREATE TABLE IF NOT EXISTS `auth_user_user_permissions` (`id` INT NOT NULL PRIMARY KEY AUTO_INCREMENT, `user_id` INT NOT NULL REFERENCES `auth_user` (`id`) DEFERRABLE INITIALLY DEFERRED, `permission_id` INT NOT NULL REFERENCES `auth_permission` (`id`) DEFERRABLE INITIALLY DEFERRED);
CREATE TABLE IF NOT EXISTS `django_admin_log` (`id` INT NOT NULL PRIMARY KEY AUTO_INCREMENT, `object_id` text NULL, `object_repr` varchar(200) NOT NULL, `action_flag` smallint unsigned NOT NULL CHECK (`action_flag` >= 0), `change_message` text NOT NULL, `content_type_id` INT NULL REFERENCES `django_content_type` (`id`) DEFERRABLE INITIALLY DEFERRED, `user_id` INT NOT NULL REFERENCES `auth_user` (`id`) DEFERRABLE INITIALLY DEFERRED, `action_time` datetime NOT NULL);
CREATE TABLE IF NOT EXISTS `django_content_type` (`id` INT NOT NULL PRIMARY KEY AUTO_INCREMENT, `app_label` varchar(100) NOT NULL, `model` varchar(100) NOT NULL);
INSERT INTO django_content_type VALUES(1,'admin','logentry');
INSERT INTO django_content_type VALUES(2,'auth','permission');
INSERT INTO django_content_type VALUES(3,'auth','group');
INSERT INTO django_content_type VALUES(4,'auth','user');
INSERT INTO django_content_type VALUES(5,'contenttypes','contenttype');
INSERT INTO django_content_type VALUES(6,'sessions','session');
INSERT INTO django_content_type VALUES(7,'api','trip');
INSERT INTO django_content_type VALUES(8,'api','logsheet');
CREATE TABLE IF NOT EXISTS `auth_permission` (`id` INT NOT NULL PRIMARY KEY AUTO_INCREMENT, `content_type_id` INT NOT NULL REFERENCES `django_content_type` (`id`) DEFERRABLE INITIALLY DEFERRED, `codename` varchar(100) NOT NULL, `name` varchar(255) NOT NULL);
INSERT INTO auth_permission VALUES(1,1,'add_logentry','Can add log entry');
INSERT INTO auth_permission VALUES(2,1,'change_logentry','Can change log entry');
INSERT INTO auth_permission VALUES(3,1,'delete_logentry','Can delete log entry');
INSERT INTO auth_permission VALUES(4,1,'view_logentry','Can view log entry');
INSERT INTO auth_permission VALUES(5,2,'add_permission','Can add permission');
INSERT INTO auth_permission VALUES(6,2,'change_permission','Can change permission');
INSERT INTO auth_permission VALUES(7,2,'delete_permission','Can delete permission');
INSERT INTO auth_permission VALUES(8,2,'view_permission','Can view permission');
INSERT INTO auth_permission VALUES(9,3,'add_group','Can add group');
INSERT INTO auth_permission VALUES(10,3,'change_group','Can change group');
INSERT INTO auth_permission VALUES(11,3,'delete_group','Can delete group');
INSERT INTO auth_permission VALUES(12,3,'view_group','Can view group');
INSERT INTO auth_permission VALUES(13,4,'add_user','Can add user');
INSERT INTO auth_permission VALUES(14,4,'change_user','Can change user');
INSERT INTO auth_permission VALUES(15,4,'delete_user','Can delete user');
INSERT INTO auth_permission VALUES(16,4,'view_user','Can view user');
INSERT INTO auth_permission VALUES(17,5,'add_contenttype','Can add content type');
INSERT INTO auth_permission VALUES(18,5,'change_contenttype','Can change content type');
INSERT INTO auth_permission VALUES(19,5,'delete_contenttype','Can delete content type');
INSERT INTO auth_permission VALUES(20,5,'view_contenttype','Can view content type');
INSERT INTO auth_permission VALUES(21,6,'add_session','Can add session');
INSERT INTO auth_permission VALUES(22,6,'change_session','Can change session');
INSERT INTO auth_permission VALUES(23,6,'delete_session','Can delete session');
INSERT INTO auth_permission VALUES(24,6,'view_session','Can view session');
INSERT INTO auth_permission VALUES(25,7,'add_trip','Can add trip');
INSERT INTO auth_permission VALUES(26,7,'change_trip','Can change trip');
INSERT INTO auth_permission VALUES(27,7,'delete_trip','Can delete trip');
INSERT INTO auth_permission VALUES(28,7,'view_trip','Can view trip');
INSERT INTO auth_permission VALUES(29,8,'add_logsheet','Can add log sheet');
INSERT INTO auth_permission VALUES(30,8,'change_logsheet','Can change log sheet');
INSERT INTO auth_permission VALUES(31,8,'delete_logsheet','Can delete log sheet');
INSERT INTO auth_permission VALUES(32,8,'view_logsheet','Can view log sheet');
CREATE TABLE IF NOT EXISTS `auth_group` (`id` INT NOT NULL PRIMARY KEY AUTO_INCREMENT, `name` varchar(150) NOT NULL UNIQUE);
CREATE TABLE IF NOT EXISTS `auth_user` (`id` INT NOT NULL PRIMARY KEY AUTO_INCREMENT, `password` varchar(128) NOT NULL, `last_login` datetime NULL, `is_superuser` bool NOT NULL, `username` varchar(150) NOT NULL UNIQUE, `last_name` varchar(150) NOT NULL, `email` varchar(254) NOT NULL, `is_staff` bool NOT NULL, `is_active` bool NOT NULL, `date_joined` datetime NOT NULL, `first_name` varchar(150) NOT NULL);
INSERT INTO auth_user VALUES(1,'pbkdf2_sha256$600000$4XOfiGB37zGjYlIZkCVRlq$Z2JYurEhOTmrybldZqwQiQ19ua99j+wCclPgw/UihXk=','2025-03-10 06:36:23.983717',1,'dev','','rafay.dev636@gmail.com',1,1,'2025-03-10 06:35:47.973454','');
CREATE TABLE IF NOT EXISTS `django_session` (`session_key` varchar(40) NOT NULL PRIMARY KEY, `session_data` text NOT NULL, `expire_date` datetime NOT NULL);
INSERT INTO django_session VALUES('05zlijkgpu2msldc8hzvo2ps9lq1idqx','.eJxVjMsOwiAQRf-FtSHDY1rq0r3fQIAZpGogKe3K-O_apAvd3nPOfQkftrX4rfPiZxJnocTpd4shPbjugO6h3ppMra7LHOWuyIN2eW3Ez8vh_h2U0Mu3RqUjKW2sM6ynrHFAAkMM6MhiVhbiEDkhTJAygKOcdGITlAI9jpbE-wPFOjdT:1trbQl:NUDY_gzp6ch0HCMY9u1SzLLYw8g_RvYt3oN2khdrdkE','2025-03-24 06:36:23.984511');
CREATE TABLE IF NOT EXISTS `api_trip` (`id` INT NOT NULL PRIMARY KEY AUTO_INCREMENT, `current_location` varchar(255) NOT NULL, `pickup_location` varchar(255) NOT NULL, `dropoff_location` varchar(255) NOT NULL, `current_cycle_hours` real NOT NULL, `created_at` datetime NOT NULL, `total_distance` real NULL, `estimated_duration` real NULL);
INSERT INTO api_trip VALUES(1,'New York City, NY, USA','Boston, Massachusetts, USA','Philadelphia, Pennsylvania, USA',2.0,'2025-04-04 09:46:15.101582',520.2799999999999727,11.009999999999999786);
INSERT INTO api_trip VALUES(2,'New York City, NY, USA','Philadelphia, Pennsylvania, USA','Washington, DC, USA',0.0,'2025-04-04 10:16:37.505316',235.15000000000000567,5.0599999999999996092);
INSERT INTO api_trip VALUES(3,'Seattle, WA, USA','Chicago, IL, USA','New York City, NY, USA',1.0,'2025-04-04 10:17:40.469484',2842.8299999999999273,50.780000000000001135);
INSERT INTO api_trip VALUES(4,'San Francisco, CA, USA','Los Angeles, CA, USA','San Diego, CA, USA',65.0,'2025-04-04 10:20:04.058149',502.589999999999975,9.580000000000000071);
INSERT INTO api_trip VALUES(5,'Houston, TX, USA','Dallas, TX, USA','San Antonio, TX, USA',4.0,'2025-04-04 13:07:25.298245',511.52999999999997273,9.1199999999999992184);
INSERT INTO api_trip VALUES(6,'New York','Boston','Philadelphia',4.0,'2025-04-04 13:11:54.817980',520.24000000000000911,11.05000000000000071);
INSERT INTO api_trip VALUES(7,'New York','Boston','Philadelphia',4.0,'2025-04-04 13:16:18.807883',520.24000000000000911,11.05000000000000071);
INSERT INTO api_trip VALUES(8,'New York, NY','Boston, MA','Philadelphia, PA',2.0,'2025-04-04 13:56:48.348481',520.24000000000000911,11.05000000000000071);
CREATE TABLE IF NOT EXISTS `api_logsheet` (`id` INT NOT NULL PRIMARY KEY AUTO_INCREMENT, `date` date NOT NULL, `start_time` time NOT NULL, `end_time` time NOT NULL, `status_grid` text NOT NULL CHECK ((JSON_VALID(`status_grid`) OR `status_grid` IS NULL)), `trip_id` bigint NOT NULL REFERENCES `api_trip` (`id`) DEFERRABLE INITIALLY DEFERRED);
INSERT INTO api_logsheet VALUES(1,'2025-04-04','00:00:00.113891','00:00:00.113891','{`0`: `OFF`, `1`: `OFF`, `2`: `OFF`, `3`: `OFF`, `4`: `OFF`, `5`: `OFF`, `6`: `OFF`, `7`: `OFF`, `8`: `OFF`, `9`: `D`, `10`: `D`, `11`: `D`, `12`: `D`, `13`: `D`, `14`: `D`, `15`: `D`, `16`: `D`, `17`: `D`, `18`: `D`, `19`: `D`, `20`: `OFF`, `21`: `OFF`, `22`: `OFF`, `23`: `OFF`}',1);
INSERT INTO api_logsheet VALUES(2,'2025-04-04','00:00:00.517827','00:00:00.517827','{`0`: `OFF`, `1`: `OFF`, `2`: `OFF`, `3`: `OFF`, `4`: `OFF`, `5`: `OFF`, `6`: `OFF`, `7`: `OFF`, `8`: `OFF`, `9`: `OFF`, `10`: `D`, `11`: `D`, `12`: `D`, `13`: `D`, `14`: `D`, `15`: `OFF`, `16`: `OFF`, `17`: `OFF`, `18`: `OFF`, `19`: `OFF`, `20`: `OFF`, `21`: `OFF`, `22`: `OFF`, `23`: `OFF`}',2);
INSERT INTO api_logsheet VALUES(3,'2025-04-04','00:00:00.481851','00:00:00.481851','{`0`: `OFF`, `1`: `OFF`, `2`: `OFF`, `3`: `OFF`, `4`: `OFF`, `5`: `OFF`, `6`: `OFF`, `7`: `OFF`, `8`: `OFF`, `9`: `OFF`, `10`: `D`, `11`: `D`, `12`: `D`, `13`: `D`, `14`: `D`, `15`: `D`, `16`: `D`, `17`: `D`, `18`: `D`, `19`: `D`, `20`: `D`, `21`: `D`, `22`: `D`, `23`: `D`}',3);
INSERT INTO api_logsheet VALUES(4,'2025-04-05','00:00:00.481851','00:00:00.481851','{`0`: `OFF`, `1`: `OFF`, `2`: `OFF`, `3`: `OFF`, `4`: `OFF`, `5`: `OFF`, `6`: `OFF`, `7`: `OFF`, `8`: `OFF`, `9`: `OFF`, `10`: `D`, `11`: `D`, `12`: `D`, `13`: `D`, `14`: `D`, `15`: `D`, `16`: `D`, `17`: `D`, `18`: `D`, `19`: `D`, `20`: `D`, `21`: `D`, `22`: `D`, `23`: `D`}',3);
INSERT INTO api_logsheet VALUES(5,'2025-04-06','00:00:00.481851','00:00:00.481851','{`0`: `OFF`, `1`: `OFF`, `2`: `OFF`, `3`: `OFF`, `4`: `OFF`, `5`: `OFF`, `6`: `OFF`, `7`: `OFF`, `8`: `OFF`, `9`: `OFF`, `10`: `D`, `11`: `D`, `12`: `OFF`, `13`: `OFF`, `14`: `OFF`, `15`: `OFF`, `16`: `OFF`, `17`: `OFF`, `18`: `OFF`, `19`: `OFF`, `20`: `OFF`, `21`: `OFF`, `22`: `OFF`, `23`: `OFF`}',3);
INSERT INTO api_logsheet VALUES(6,'2025-04-04','00:00:00.062430','00:00:00.062430','{`0`: `OFF`, `1`: `OFF`, `2`: `OFF`, `3`: `OFF`, `4`: `OFF`, `5`: `OFF`, `6`: `OFF`, `7`: `OFF`, `8`: `OFF`, `9`: `OFF`, `10`: `D`, `11`: `D`, `12`: `D`, `13`: `D`, `14`: `D`, `15`: `D`, `16`: `D`, `17`: `D`, `18`: `D`, `19`: `OFF`, `20`: `OFF`, `21`: `OFF`, `22`: `OFF`, `23`: `OFF`}',4);
INSERT INTO api_logsheet VALUES(7,'2025-04-04','00:00:00.308422','00:00:00.308422','{`0`: `OFF`, `1`: `OFF`, `2`: `OFF`, `3`: `OFF`, `4`: `OFF`, `5`: `OFF`, `6`: `OFF`, `7`: `OFF`, `8`: `OFF`, `9`: `OFF`, `10`: `OFF`, `11`: `OFF`, `12`: `OFF`, `13`: `D`, `14`: `D`, `15`: `D`, `16`: `D`, `17`: `D`, `18`: `D`, `19`: `D`, `20`: `D`, `21`: `D`, `22`: `OFF`, `23`: `OFF`}',5);
INSERT INTO api_logsheet VALUES(8,'2025-04-04','00:00:00.822197','00:00:00.822197','{`0`: `OFF`, `1`: `OFF`, `2`: `OFF`, `3`: `OFF`, `4`: `OFF`, `5`: `OFF`, `6`: `OFF`, `7`: `OFF`, `8`: `OFF`, `9`: `OFF`, `10`: `OFF`, `11`: `OFF`, `12`: `OFF`, `13`: `D`, `14`: `D`, `15`: `D`, `16`: `D`, `17`: `D`, `18`: `D`, `19`: `D`, `20`: `D`, `21`: `D`, `22`: `D`, `23`: `D`}',6);
INSERT INTO api_logsheet VALUES(9,'2025-04-04','00:00:00.819932','00:00:00.819932','{`0`: `OFF`, `1`: `OFF`, `2`: `OFF`, `3`: `OFF`, `4`: `OFF`, `5`: `OFF`, `6`: `OFF`, `7`: `OFF`, `8`: `OFF`, `9`: `OFF`, `10`: `OFF`, `11`: `OFF`, `12`: `OFF`, `13`: `D`, `14`: `D`, `15`: `D`, `16`: `D`, `17`: `D`, `18`: `D`, `19`: `D`, `20`: `D`, `21`: `D`, `22`: `D`, `23`: `D`}',7);
INSERT INTO api_logsheet VALUES(10,'2025-04-04','00:00:00.360160','00:00:00.360160','{`0`: `OFF`, `1`: `OFF`, `2`: `OFF`, `3`: `OFF`, `4`: `OFF`, `5`: `OFF`, `6`: `OFF`, `7`: `OFF`, `8`: `OFF`, `9`: `OFF`, `10`: `OFF`, `11`: `OFF`, `12`: `OFF`, `13`: `D`, `14`: `D`, `15`: `D`, `16`: `D`, `17`: `D`, `18`: `D`, `19`: `D`, `20`: `D`, `21`: `D`, `22`: `D`, `23`: `D`}',8);
DELETE FROM sqlite_sequence;
INSERT INTO sqlite_sequence VALUES('django_migrations',19);
INSERT INTO sqlite_sequence VALUES('django_admin_log',0);
INSERT INTO sqlite_sequence VALUES('django_content_type',8);
INSERT INTO sqlite_sequence VALUES('auth_permission',32);
INSERT INTO sqlite_sequence VALUES('auth_group',0);
INSERT INTO sqlite_sequence VALUES('auth_user',1);
INSERT INTO sqlite_sequence VALUES('api_trip',8);
INSERT INTO sqlite_sequence VALUES('api_logsheet',10);
CREATE UNIQUE INDEX `auth_group_permissions_group_id_permission_id_0cd325b0_uniq` ON `auth_group_permissions` (`group_id`, `permission_id`);
CREATE INDEX `auth_group_permissions_group_id_b120cbf9` ON `auth_group_permissions` (`group_id`);
CREATE INDEX `auth_group_permissions_permission_id_84c5c92e` ON `auth_group_permissions` (`permission_id`);
CREATE UNIQUE INDEX `auth_user_groups_user_id_group_id_94350c0c_uniq` ON `auth_user_groups` (`user_id`, `group_id`);
CREATE INDEX `auth_user_groups_user_id_6a12ed8b` ON `auth_user_groups` (`user_id`);
CREATE INDEX `auth_user_groups_group_id_97559544` ON `auth_user_groups` (`group_id`);
CREATE UNIQUE INDEX `auth_user_user_permissions_user_id_permission_id_14a6b632_uniq` ON `auth_user_user_permissions` (`user_id`, `permission_id`);
CREATE INDEX `auth_user_user_permissions_user_id_a95ead1b` ON `auth_user_user_permissions` (`user_id`);
CREATE INDEX `auth_user_user_permissions_permission_id_1fbb5f2c` ON `auth_user_user_permissions` (`permission_id`);
CREATE INDEX `django_admin_log_content_type_id_c4bce8eb` ON `django_admin_log` (`content_type_id`);
CREATE INDEX `django_admin_log_user_id_c564eba6` ON `django_admin_log` (`user_id`);
CREATE UNIQUE INDEX `django_content_type_app_label_model_76bd3d3b_uniq` ON `django_content_type` (`app_label`, `model`);
CREATE UNIQUE INDEX `auth_permission_content_type_id_codename_01ab375a_uniq` ON `auth_permission` (`content_type_id`, `codename`);
CREATE INDEX `auth_permission_content_type_id_2f476e4b` ON `auth_permission` (`content_type_id`);
CREATE INDEX `django_session_expire_date_a5c62663` ON `django_session` (`expire_date`);
CREATE INDEX `api_logsheet_trip_id_7b1e31ee` ON `api_logsheet` (`trip_id`);
COMMIT;



